variant,threads,repeats,mean_seconds,stdev_seconds,min_seconds,max_seconds,cv_percent,speedup,efficiency_percent
basic,1,5,11.639444,0.10257345260836265,11.4687,11.71503,0.8812573230161395,1.0,100.0
basic,4,5,3.1047764,0.013017281678599566,3.089863,3.12176,0.41926631749067556,3.74888317239206,93.7220793098015
basic,8,5,2.919163,0.12261672958450641,2.782496,3.114622,4.200407088761621,3.987253880650035,49.84067350812544
basic,16,5,2.7747934,0.20144769583889513,2.622278,3.116022,7.259916930712576,4.194706532025051,26.216915825156565
basic,32,5,2.7176536000000002,0.13121162620095825,2.538144,2.875422,4.828121810703109,4.282901985742406,13.384068705445017
reduced-default,1,5,4.6065392,0.039390197380820544,4.573921,4.665447,0.8550930681501753,1.0,100.0
reduced-default,4,5,2.1335738,0.04394737190890943,2.109759,2.212044,2.059800880049681,2.1590718821162875,53.97679705290719
reduced-default,8,5,1.4162596,0.017464697916082027,1.39823,1.444922,1.2331565424927766,3.2526093380055463,40.65761672506933
reduced-default,16,5,1.5998934,0.01488822762453612,1.582755,1.618034,0.9305762261745762,2.879278831952179,17.995492699701117
reduced-default,32,5,1.691361,0.023053326365190693,1.654084,1.710162,1.363004489590968,2.72356948043617,8.51115462636303
reduced-forces-cyclic,1,5,4.5701928,0.009566314295484905,4.5599,4.582902,0.20931970956422022,1.0,100.0
reduced-forces-cyclic,4,5,1.244142,0.02258537045301671,1.224274,1.280907,1.8153370317067274,3.6733691170300493,91.83422792575124
reduced-forces-cyclic,8,5,1.4281028,0.027637475747614895,1.399379,1.46685,1.9352581444147365,3.2001847486049324,40.00230935756166
reduced-forces-cyclic,16,5,1.5372898,0.027552121310345578,1.516144,1.582895,1.79225291876298,2.9728895618770124,18.580559761731326
reduced-forces-cyclic,32,5,1.6556948,0.042615213048863274,1.592569,1.695224,2.573856791050094,2.760286980426586,8.625896813833082
reduced-all-cyclic,1,5,4.5801054,0.011429770701987078,4.566589,4.594742,0.2495525692921189,1.0,100.0
reduced-all-cyclic,4,5,1.3426908,0.007672910966510672,1.330888,1.350411,0.57145777467982,3.4111393330467448,85.27848332616863
reduced-all-cyclic,8,5,1.644049,0.09286854853770467,1.579465,1.804812,5.64877011194342,2.785869155967979,34.82336444959974
reduced-all-cyclic,16,5,1.5657546,0.04726705570796645,1.525011,1.645912,3.018803566533763,2.9251744813650875,18.282340508531796
reduced-all-cyclic,32,5,1.6444742,0.03414592673658167,1.609681,1.700973,2.0764039190509447,2.7851488335907,8.703590104970937
