variant,threads,repetition,n,n_steps,delta_t,elapsed_seconds
basic,1,1,1600,1000,0.001,11.4687
basic,4,1,1600,1000,0.001,3.113923
basic,8,1,1600,1000,0.001,2.782496
basic,16,1,1600,1000,0.001,3.116022
basic,32,1,1600,1000,0.001,2.875422
reduced-default,1,1,1600,1000,0.001,4.665447
reduced-default,4,1,1600,1000,0.001,2.212044
reduced-default,8,1,1600,1000,0.001,1.444922
reduced-default,16,1,1600,1000,0.001,1.618034
reduced-default,32,1,1600,1000,0.001,1.654084
reduced-forces-cyclic,1,1,1600,1000,0.001,4.582902
reduced-forces-cyclic,4,1,1600,1000,0.001,1.238474
reduced-forces-cyclic,8,1,1600,1000,0.001,1.445913
reduced-forces-cyclic,16,1,1600,1000,0.001,1.543221
reduced-forces-cyclic,32,1,1600,1000,0.001,1.592569
reduced-all-cyclic,1,1,1600,1000,0.001,4.573106
reduced-all-cyclic,4,1,1600,1000,0.001,1.330888
reduced-all-cyclic,8,1,1600,1000,0.001,1.639336
reduced-all-cyclic,16,1,1600,1000,0.001,1.554785
reduced-all-cyclic,32,1,1600,1000,0.001,1.700973
basic,1,2,1600,1000,0.001,11.71503
basic,4,2,1600,1000,0.001,3.095976
basic,8,2,1600,1000,0.001,2.867049
basic,16,2,1600,1000,0.001,2.795218
basic,32,2,1600,1000,0.001,2.810111
reduced-default,1,2,1600,1000,0.001,4.627238
reduced-default,4,2,1600,1000,0.001,2.115991
reduced-default,8,2,1600,1000,0.001,1.409494
reduced-default,16,2,1600,1000,0.001,1.612722
reduced-default,32,2,1600,1000,0.001,1.709901
reduced-forces-cyclic,1,2,1600,1000,0.001,4.577132
reduced-forces-cyclic,4,2,1600,1000,0.001,1.248498
reduced-forces-cyclic,8,2,1600,1000,0.001,1.46685
reduced-forces-cyclic,16,2,1600,1000,0.001,1.582895
reduced-forces-cyclic,32,2,1600,1000,0.001,1.694865
reduced-all-cyclic,1,2,1600,1000,0.001,4.594742
reduced-all-cyclic,4,2,1600,1000,0.001,1.350411
reduced-all-cyclic,8,2,1600,1000,0.001,1.586543
reduced-all-cyclic,16,2,1600,1000,0.001,1.645912
reduced-all-cyclic,32,2,1600,1000,0.001,1.609681
basic,1,3,1600,1000,0.001,11.70931
basic,4,3,1600,1000,0.001,3.10236
basic,8,3,1600,1000,0.001,3.114622
basic,16,3,1600,1000,0.001,2.65718
basic,32,3,1600,1000,0.001,2.663552
reduced-default,1,3,1600,1000,0.001,4.574682
reduced-default,4,3,1600,1000,0.001,2.11355
reduced-default,8,3,1600,1000,0.001,1.411147
reduced-default,16,3,1600,1000,0.001,1.582755
reduced-default,32,3,1600,1000,0.001,1.686911
reduced-forces-cyclic,1,3,1600,1000,0.001,4.563688
reduced-forces-cyclic,4,3,1600,1000,0.001,1.228557
reduced-forces-cyclic,8,3,1600,1000,0.001,1.417676
reduced-forces-cyclic,16,3,1600,1000,0.001,1.516144
reduced-forces-cyclic,32,3,1600,1000,0.001,1.653441
reduced-all-cyclic,1,3,1600,1000,0.001,4.577597
reduced-all-cyclic,4,3,1600,1000,0.001,1.347342
reduced-all-cyclic,8,3,1600,1000,0.001,1.804812
reduced-all-cyclic,16,3,1600,1000,0.001,1.564311
reduced-all-cyclic,32,3,1600,1000,0.001,1.63026
basic,1,4,1600,1000,0.001,11.68385
basic,4,4,1600,1000,0.001,3.089863
basic,8,4,1600,1000,0.001,2.899712
basic,16,4,1600,1000,0.001,2.622278
basic,32,4,1600,1000,0.001,2.538144
reduced-default,1,4,1600,1000,0.001,4.573921
reduced-default,4,4,1600,1000,0.001,2.116525
reduced-default,8,4,1600,1000,0.001,1.39823
reduced-default,16,4,1600,1000,0.001,1.594322
reduced-default,32,4,1600,1000,0.001,1.695747
reduced-forces-cyclic,1,4,1600,1000,0.001,4.567342
reduced-forces-cyclic,4,4,1600,1000,0.001,1.224274
reduced-forces-cyclic,8,4,1600,1000,0.001,1.399379
reduced-forces-cyclic,16,4,1600,1000,0.001,1.519592
reduced-forces-cyclic,32,4,1600,1000,0.001,1.695224
reduced-all-cyclic,1,4,1600,1000,0.001,4.588493
reduced-all-cyclic,4,4,1600,1000,0.001,1.339687
reduced-all-cyclic,8,4,1600,1000,0.001,1.610089
reduced-all-cyclic,16,4,1600,1000,0.001,1.525011
reduced-all-cyclic,32,4,1600,1000,0.001,1.636792
basic,1,5,1600,1000,0.001,11.62033
basic,4,5,1600,1000,0.001,3.12176
basic,8,5,1600,1000,0.001,2.931936
basic,16,5,1600,1000,0.001,2.683269
basic,32,5,1600,1000,0.001,2.701039
reduced-default,1,5,1600,1000,0.001,4.591408
reduced-default,4,5,1600,1000,0.001,2.109759
reduced-default,8,5,1600,1000,0.001,1.417505
reduced-default,16,5,1600,1000,0.001,1.591634
reduced-default,32,5,1600,1000,0.001,1.710162
reduced-forces-cyclic,1,5,1600,1000,0.001,4.5599
reduced-forces-cyclic,4,5,1600,1000,0.001,1.280907
reduced-forces-cyclic,8,5,1600,1000,0.001,1.410696
reduced-forces-cyclic,16,5,1600,1000,0.001,1.524597
reduced-forces-cyclic,32,5,1600,1000,0.001,1.642375
reduced-all-cyclic,1,5,1600,1000,0.001,4.566589
reduced-all-cyclic,4,5,1600,1000,0.001,1.345126
reduced-all-cyclic,8,5,1600,1000,0.001,1.579465
reduced-all-cyclic,16,5,1600,1000,0.001,1.538754
reduced-all-cyclic,32,5,1600,1000,0.001,1.644665
